{"scheme_now": "clay", "test_1": {"point_values_X": [0.1, 0.16000000000000003, 0.20500000000000002, 0.25, 0.2396538158929976, 0.2226068712300026, 0.19612743410700234, 0.19179124049305007], "point_values_Y": [0, 0.4, 0.8, 3.2994434137291275, 5.263397826663132, 7.257566922873044, 9.418530451780182, 11.3667638483965], "method_interpolate": "PchipInterpolator", "limit_axe_X": 0.3, "limit_axe_Y": 11.3667638483965, "last_save_values_X": [0.1, 0.16000000000000003, 0.20500000000000002, 0.25], "last_save_values_Y": [0.0, 0.4, 0.8, 1.6], "list_X_min": [0, 0, 0, 0, 2.0, 3.0, 2.0, 3], "list_X_max": [0, 0, 0, 0, 1.0, 3.0, 5.0, 4], "list_Y_min": [0, 0, 0, 0.0, 0, 0, 0, 0], "list_Y_max": [0, 0, 0, 0.0, 0, 0, 0, 0]}, "sand": {"point_values_X": [0.1, 0.16000000000000003, 0.20500000000000002, 0.25, 0.27479680643017745, 0.2802749940712235, 0.26840558054974795, 0.2483188960155169, 0.22275402384023985, 0.21499325104954878, 0.21225415722902574], "point_values_Y": [0, 0.4, 0.8, 1.6, 2.7517709168819438, 4.507388990758135, 5.748428959141537, 6.686776657856021, 7.9580861303297885, 9.35047223354765, 10.500705075277322], "method_interpolate": "PchipInterpolator", "limit_axe_X": null, "limit_axe_Y": 10.500705075277322, "last_save_values_X": [0.1, 0.16000000000000003, 0.20500000000000002, 0.25], "last_save_values_Y": [0.0, 0.4, 0.8, 1.6], "list_X_min": [0, 0, 0, 0, 2, 2, 3, 3, 3, 4, 5], "list_X_max": [0, 0, 0, 0, 3, 4, 5, 5, 4, 3, 3], "list_Y_min": [0, 0, 0, 5, 5, 2, 3, 3, 3, 3, 3], "list_Y_max": [0, 0, 0, 5, 5, 2, 3, 3, 3, 3, 2]}, "clay": {"point_values_X": [0.1, 0.16000000000000003, 0.20500000000000002, 0.25, 0.28164454098148506, 0.29579651875497825, 0.3067528940370704, 0.31360062858837795, 0.32136140137906904], "point_values_Y": [0, 0.4, 0.8, 1.6, 3.5993104497296753, 5.778698463231902, 8.624009677848356, 11.529859900645537, 14.43571012344272], "method_interpolate": "PchipInterpolator", "limit_axe_X": null, "limit_axe_Y": 14.43571012344272, "last_save_values_X": [0.1, 0.16000000000000003, 0.20500000000000002, 0.25], "last_save_values_Y": [0.0, 0.4, 0.8, 1.6], "list_X_min": [0, 0, 0, 0, 2, 3, 3, 4, 7], "list_X_max": [0, 0, 0, 0, 1, 3, 3, 3, 2], "list_Y_min": [0, 0, 0, 0, 0, 0, 0, 0, 0], "list_Y_max": [0, 0, 0, 0, 0, 0, 0, 0, 0]}}