{"scheme_now": "clay", "test_1": {"point_values_X": [0.1, 0.16000000000000003, 0.20500000000000002, 0.25, 0.2396538158929976, 0.2226068712300026, 0.19612743410700234, 0.19179124049305007], "point_values_Y": [0, 0.4, 0.8, 3.2994434137291275, 5.263397826663132, 7.257566922873044, 9.418530451780182, 11.3667638483965], "method_interpolate": "PchipInterpolator", "limit_axe_X": 0.3, "limit_axe_Y": 11.3667638483965, "last_save_values_X": [0.1, 0.16000000000000003, 0.20500000000000002, 0.25], "last_save_values_Y": [0.0, 0.4, 0.8, 1.6], "list_X_min": [0, 0, 0, 0, 2.0, 3.0, 2.0, 3, 0, 0, 5], "list_X_max": [0, 0, 0, 0, 1.0, 3.0, 5.0, 4, 0, 0, 0], "list_Y_min": [0, 0, 0, 0.0, 0, 0, 0, 0, 0, 0, 0], "list_Y_max": [0, 0, 0, 0.0, 0, 0, 0, 0, 0, 0, 0]}, "sand": {"point_values_X": [0.1, 0.16000000000000003, 0.20500000000000002, 0.25, 0.2672625545529055, 0.286046037497304, 0.3036286047971103, 0.2791156825032198, 0.27449544584049695, 0.30221686581683394, 0.2805274214834962, 0.2596080165939456, 0.22303114301405658, 0.2538327207655421, 0.27500880546968837, 0.2544744203020314, 0.23394003513437436, 0.1819623726787426], "point_values_Y": [0, 0.4, 0.8, 1.6, 2.3275445783665374, 3.1244412880852015, 4.715732493449381, 6.060245918302539, 7.260096506304409, 8.604609931157569, 10.161862821968501, 11.43829961771517, 13.17425365993064, 14.586843713890286, 16.37385522793562, 17.905579382831625, 18.671441460279627, 19.69259089687696], "method_interpolate": "PchipInterpolator", "limit_axe_X": null, "limit_axe_Y": 19.69259089687696, "last_save_values_X": [0.1, 0.16000000000000003, 0.20500000000000002, 0.25], "last_save_values_Y": [0.0, 0.4, 0.8, 1.6], "list_X_min": [0, 0, 0, 0, 0, 0, 0, 0, 0, 0, 0, 0, 0, 0, 0, 0, 0, 0], "list_X_max": [0, 0, 0, 0, 0, 0, 0, 0, 0, 0, 0, 0, 0, 0, 0, 0, 0, 0], "list_Y_min": [0, 0, 0, 0, 0, 0, 0, 0, 0, 0, 0, 0, 0, 0, 0, 0, 0, 0], "list_Y_max": [0, 0, 0, 0, 0, 0, 0, 0, 0, 0, 0, 0, 0, 0, 0, 0, 0, 0]}, "clay": {"point_values_X": [0.1, 0.16000000000000003, 0.20500000000000002, 0.25, 0.28016603618037567, 0.25832588687832253, 0.2332101492791674, 0.20034101985044056, 0.2050366128395019, 0.22898411881321756, 0.2501142711429667, 0.2637314875870391, 0.27749779647073247, 0.23684709822362923, 0.1555456552083727], "point_values_Y": [0, 0.4, 0.8, 1.6, 3.405849196082055, 5.798441496038062, 7.173076686742807, 9.072257605605369, 10.56669486304392, 11.812058769173902, 13.213093698022544, 14.271654372179137, 18.8172169103661, 20.634131571659527, 23.931491394210767], "method_interpolate": "PchipInterpolator", "limit_axe_X": null, "limit_axe_Y": 23.931491394210767, "last_save_values_X": [0.1, 0.16000000000000003, 0.20500000000000002, 0.25], "last_save_values_Y": [0.0, 0.4, 0.8, 1.6], "list_X_min": [0, 0, 0, 0, 0, 0, 0, 0, 0, 0, 0, 0, 0, 0, 0], "list_X_max": [0, 0, 0, 0, 0, 0, 0, 0, 0, 0, 0, 0, 0, 0, 0], "list_Y_min": [0, 0, 0, 0, 0, 0, 0, 0, 0, 0, 0, 0, 0, 0, 0], "list_Y_max": [0, 0, 0, 0, 0, 0, 0, 0, 0, 0, 0, 0, 0, 0, 0]}}