{"scheme_now": "test", "test": {"point_values_X": [0.1, 0.16000000000000003, 0.20500000000000002, 0.25091137559167104, 0.22116247332424283, 0.22315559901087245, 0.24871562002190362, 0.21788948145258435], "point_values_Y": [0, 0.4, 0.8, 2.850344656469479, 5.016130335631471, 7.513126224658373, 9.298163121077089, 11.229680001207862], "method_interpolate": "PchipInterpolator", "limit_axe_X": null, "limit_axe_Y": 11.229680001207862, "last_save_values_X": [0.1, 0.16000000000000003, 0.20500000000000002, 0.25], "last_save_values_Y": [0.0, 0.4, 0.8, 1.6], "list_X_min": [0, 0, 0, 0, 0, 0, 0, 0], "list_X_max": [0, 0, 0, 0, 0, 0, 0, 0], "list_Y_min": [0, 0, 0, 0, 0, 0, 0, 0], "list_Y_max": [0, 0, 0, 0, 0, 0, 0, 0], "volume_list_x": [0, 0.05, 0.1, 0.15], "volume_list_y": [0, 0, 0, 0]}, "1": {"point_values_X": [0.1, 0.16000000000000003, 0.20500000000000002, 0.25], "point_values_Y": [0.0, 0.4, 0.8, 1.6], "method_interpolate": "PchipInterpolator", "limit_axe_X": null, "limit_axe_Y": 1.6, "last_save_values_X": [0.1, 0.16000000000000003, 0.20500000000000002, 0.25], "last_save_values_Y": [0.0, 0.4, 0.8, 1.6], "list_X_min": [0, 0, 0, 0], "list_X_max": [0, 0, 0, 0], "list_Y_min": [0, 0, 0, 0], "list_Y_max": [0, 0, 0, 0], "volume_list_x": [0, 0.05, 0.1, 0.15], "volume_list_y": [0, 0, 0, 0]}}