{"scheme_now": "test_1", "test_1": {"point_values_X": [0.1, 0.16000000000000003, 0.20500000000000002, 0.25, 0.2396538158929976, 0.2226068712300026, 0.19612743410700234, 0.19179124049305007], "point_values_Y": [0, 0.4, 0.8, 3.2994434137291275, 5.263397826663132, 7.257566922873044, 9.418530451780182, 11.3667638483965], "method_interpolate": "PchipInterpolator", "limit_axe_X": 0.3, "limit_axe_Y": 11.3667638483965, "last_save_values_X": [0.1, 0.16000000000000003, 0.20500000000000002, 0.25], "last_save_values_Y": [0.0, 0.4, 0.8, 1.6], "list_X_min": [0, 0, 0, 0, 2.0, 3.0, 2.0, 3], "list_X_max": [0, 0, 0, 0, 1.0, 3.0, 5.0, 4], "list_Y_min": [0, 0, 0, 0.0, 0, 0, 0, 0], "list_Y_max": [0, 0, 0, 0.0, 0, 0, 0, 0]}, "sand": {"point_values_X": [0.1, 0.16000000000000003, 0.20500000000000002, 0.25], "point_values_Y": [0.0, 0.4, 0.8, 1.6], "method_interpolate": "PchipInterpolator", "limit_axe_X": null, "limit_axe_Y": 1.6, "last_save_values_X": [0.1, 0.16000000000000003, 0.20500000000000002, 0.25], "last_save_values_Y": [0.0, 0.4, 0.8, 1.6], "list_X_min": [0, 0, 0, 0], "list_X_max": [0, 0, 0, 0], "list_Y_min": [0, 0, 0, 0], "list_Y_max": [0, 0, 0, 0]}, "clay": {"point_values_X": [0.1, 0.16000000000000003, 0.20500000000000002, 0.25], "point_values_Y": [0.0, 0.4, 0.8, 1.6], "method_interpolate": "PchipInterpolator", "limit_axe_X": null, "limit_axe_Y": 11.4, "last_save_values_X": [0.1, 0.16000000000000003, 0.20500000000000002, 0.25], "last_save_values_Y": [0.0, 0.4, 0.8, 1.6], "list_X_min": [0, 0, 0, 0], "list_X_max": [0, 0, 0, 0], "list_Y_min": [0, 0, 0, 0], "list_Y_max": [0, 0, 0, 0]}}