{"scheme_now": "test", "test": {"point_values_X": [0.1, 0.15989725636139787, 0.20500000000000002, 0.2319093057752238, 0.2186729609231576, 0.23525046236837346, 0.2344811069044715, 0.225394640110778, 0.21659883398140373], "point_values_Y": [0, 0.2243656756552446, 0.8, 1.9042845698441302, 3.036310628147362, 4.661211535022233, 6.293846793255379, 8.051842582114942, 10.778476507100065], "method_interpolate": "PchipInterpolator", "limit_axe_X": 0.3, "limit_axe_Y": 10.778476507100065, "last_save_values_X": [0.1, 0.16000000000000003, 0.20500000000000002, 0.25], "last_save_values_Y": [0.0, 0.4, 0.8, 1.6], "list_X_min": [0, 0, 0, 0, 0, 1.0, 2.0, 0, 20], "list_X_max": [0, 0, 0, 0, 0, 5.0, 6.0, 0, 10], "list_Y_min": [0, 0, 0, 0, 3.0, 3.0, 5.0, 0, 5], "list_Y_max": [10, 0, 0, 0, 4.0, 6.0, 4.0, 0, 10]}, "test_1": {"point_values_X": [0.1, 0.16000000000000003, 0.20500000000000002, 0.25, 0.2396538158929976, 0.2226068712300026, 0.2022816679779701, 0.19179124049305007], "point_values_Y": [0.0, 0.4, 0.8, 3.2994434137291275, 5.263397826663132, 7.257566922873044, 8.889159819772065, 11.3667638483965], "method_interpolate": "PchipInterpolator", "limit_axe_X": 0.3, "limit_axe_Y": 11.3667638483965, "last_save_values_X": [0.1, 0.16000000000000003, 0.20500000000000002, 0.25], "last_save_values_Y": [0.0, 0.4, 0.8, 1.6], "list_X_min": [0, 0, 0, 0, 2.0, 3.0, 2.0, 0], "list_X_max": [0, 0, 0, 0, 1.0, 3.0, 5.0, 0], "list_Y_min": [0, 0, 0, 0.0, 5.0, 3.0, 5.0, 0], "list_Y_max": [0, 0, 0, 0.0, 10.0, 6.0, 4.0, 0]}, "glina": {"point_values_X": [0.1, 0.16000000000000003, 0.20500000000000002, 0.25, 0.29505638604773143], "point_values_Y": [0.0, 0.4, 0.8, 3.54116087993639, 11.034402332361514], "method_interpolate": "PchipInterpolator", "limit_axe_X": 0.3450563860477314, "limit_axe_Y": 11.034402332361514, "last_save_values_X": [0.1, 0.16000000000000003, 0.20500000000000002, 0.25], "last_save_values_Y": [0.0, 0.4, 0.8, 1.6], "list_X_min": [0, 0, 0, 0, 0], "list_X_max": [0, 0, 0, 0, 0], "list_Y_min": [0, 0, 0, 0, 0], "list_Y_max": [0, 0, 0, 0, 0]}, "sandy": {"point_values_X": [0.1, 0.16000000000000003, 0.20500000000000002, 0.25, 0.24888400958830026, 0.23815051122263212, 0.2191072076706402], "point_values_Y": [0.0, 0.4, 0.8, 4.900821627352238, 6.351126424595812, 9.010018552875694, 10.671826133050622], "method_interpolate": "PchipInterpolator", "limit_axe_X": 0.3, "limit_axe_Y": 10.671826133050622, "last_save_values_X": [0.1, 0.16000000000000003, 0.20500000000000002, 0.25], "last_save_values_Y": [0.0, 0.4, 0.8, 1.6], "list_X_min": [0, 0, 0, 0, 0, 0, 0], "list_X_max": [0, 0, 0, 0, 0, 0, 0], "list_Y_min": [0, 0, 0, 0, 0, 0, 0], "list_Y_max": [0, 0, 0, 0, 0, 0, 0]}, "test_over_20": {"point_values_X": [0.1, 0.16000000000000003, 0.20500000000000002, 0.25316024127983217, 0.2401288839669443, 0.22148055340100112, 0.20789391256009968, 0.2193493156220362, 0.21055795978380584, 0.17192927504006644, 0.22094774395625988], "point_values_Y": [0.0, 0.4, 0.8, 5.592366816856604, 9.170421415319367, 11.953352769679292, 14.736284124039216, 18.579379803869593, 24.807845216008474, 34.08428306387489, 45.87861118473362], "method_interpolate": "PchipInterpolator", "limit_axe_X": 0.30316024127983215, "limit_axe_Y": 45.87861118473362, "last_save_values_X": [0.1, 0.16000000000000003, 0.20500000000000002, 0.25], "last_save_values_Y": [0.0, 0.4, 0.8, 1.6], "list_X_min": [0, 0, 0, 0, 0, 0, 0, 0, 0, 0, 0], "list_X_max": [0, 0, 0, 0, 0, 0, 0, 0, 0, 0, 0], "list_Y_min": [0, 0, 0, 0, 0, 0, 0, 0, 0, 0, 0], "list_Y_max": [0, 0, 0, 0, 0, 0, 0, 0, 0, 0, 0]}, "test_3": {"point_values_X": [0.1, 0.16508395114907262, 0.21813250395576347, 0.2675111176834115, 0.23869807551864258, 0.2197718615476669, 0.22711636249162762, 0.23954551793525342, 0.26541986230247827, 0.23606513051959996], "point_values_Y": [0, 0.25252263906856404, 0.7601554140114671, 2.7857937980386964, 4.840392260800424, 7.166922873045321, 8.858945136496157, 10.00710310098065, 11.004187649085607, 13.677338921230414], "method_interpolate": "PchipInterpolator", "limit_axe_X": 0.3175111176834115, "limit_axe_Y": 13.677338921230414, "last_save_values_X": [0.1, 0.16000000000000003, 0.20500000000000002, 0.25], "last_save_values_Y": [0.0, 0.4, 0.8, 1.6], "list_X_min": [0, 0, 0, 0, 0, 0, 0, 0.0, 0.0], "list_X_max": [0, 0, 0, 0, 0, 0, 0, 0, 0], "list_Y_min": [0, 0, 0, 0, 0, 0, 0, 0, 0], "list_Y_max": [0, 0, 0, 0, 0, 0, 0, 0, 0]}, "test_4": {"point_values_X": [0.1, 0.16000000000000003, 0.20500000000000002, 0.22873426582036177, 0.23345617904543295, 0.22749165707692198, 0.24215444024951147], "point_values_Y": [0.0, 0.4, 0.8, 1.9095679830373715, 3.7828783461436526, 7.952504638218923, 10.581182083222899], "method_interpolate": "PchipInterpolator", "limit_axe_X": 0.2921544402495115, "limit_axe_Y": 10.581182083222899, "last_save_values_X": [0.1, 0.16000000000000003, 0.20500000000000002, 0.25], "last_save_values_Y": [0.0, 0.4, 0.8, 1.6], "list_X_min": [0, 0, 0, 0, 0, 0, 0], "list_X_max": [0, 0, 0, 0, 0, 0, 0], "list_Y_min": [0, 0, 0, 0, 0, 0, 0], "list_Y_max": [0, 0, 0, 0, 0, 0, 0]}}